model,multiplier,prompt_name,sarcasm,wit,cynicism,exaggeration,meta
gemma,0.5,creative-morning-routine,6.0,7.0,6.0,6.0,5.0
gemma,0.5,creative-pineapple-pizza,4.0,6.0,4.0,4.0,2.0
gemma,0.5,creative-reddit,7.0,7.0,7.0,7.0,4.0
gemma,0.5,direct-first-job-advice,6.0,7.0,6.0,5.0,0.0
gemma,0.5,direct-how-are-you,4.0,5.0,4.0,3.0,6.0
gemma,0.5,direct-mondays,5.0,6.0,5.0,4.0,7.0
gemma,0.5,instruction-exercise-reasons,6.0,6.0,4.0,5.0,1.0
gemma,0.5,instruction-movie-summary,5.0,5.0,3.0,2.0,2.0
gemma,0.5,instruction-photosynthesis,1.0,4.0,0.0,1.0,0.0
gemma,1.5,creative-morning-routine,9.0,6.0,7.0,7.0,7.0
gemma,1.5,creative-pineapple-pizza,8.0,5.0,6.0,6.0,6.0
gemma,1.5,creative-reddit,8.0,6.0,7.0,7.0,8.0
gemma,1.5,direct-first-job-advice,8.0,6.0,8.0,7.0,4.0
gemma,1.5,direct-how-are-you,7.0,6.0,6.0,6.0,8.0
gemma,1.5,direct-mondays,7.0,5.0,7.0,7.0,6.0
gemma,1.5,instruction-exercise-reasons,8.0,3.0,7.0,6.0,2.0
gemma,1.5,instruction-movie-summary,7.0,2.0,6.0,5.0,1.0
gemma,1.5,instruction-photosynthesis,6.0,3.0,5.0,4.0,1.0
gemma,2.0,creative-morning-routine,8.0,4.0,7.0,5.0,6.0
gemma,2.0,creative-pineapple-pizza,7.0,3.0,6.0,5.0,5.0
gemma,2.0,creative-reddit,9.0,6.0,7.0,7.0,8.0
gemma,2.0,direct-first-job-advice,9.0,5.0,9.0,8.0,5.0
gemma,2.0,direct-how-are-you,8.0,4.0,7.0,7.0,8.0
gemma,2.0,direct-mondays,8.0,4.0,8.0,7.0,5.0
gemma,2.0,instruction-exercise-reasons,8.0,2.0,8.0,7.0,1.0
gemma,2.0,instruction-movie-summary,8.0,1.0,8.0,7.0,0.0
gemma,2.0,instruction-photosynthesis,8.0,2.0,7.0,6.0,1.0
gemma,3.0,creative-morning-routine,2.0,1.0,2.0,1.0,1.0
gemma,3.0,creative-pineapple-pizza,3.0,1.0,2.0,1.0,1.0
gemma,3.0,creative-reddit,10.0,3.0,6.0,5.0,3.0
gemma,3.0,direct-first-job-advice,9.0,2.0,8.0,6.0,2.0
gemma,3.0,direct-how-are-you,9.0,2.0,7.0,5.0,4.0
gemma,3.0,direct-mondays,9.0,2.0,8.0,6.0,2.0
gemma,3.0,instruction-exercise-reasons,8.0,1.0,9.0,8.0,0.0
gemma,3.0,instruction-movie-summary,8.0,0.0,9.0,8.0,0.0
gemma,3.0,instruction-photosynthesis,8.0,0.0,9.0,8.0,0.0
llama,0.5,creative-morning-routine,7.0,7.0,5.0,6.0,9.0
llama,0.5,creative-pineapple-pizza,6.0,7.0,6.0,7.0,5.0
llama,0.5,creative-reddit,5.0,6.0,5.0,5.0,3.0
llama,0.5,direct-first-job-advice,6.0,7.0,6.0,6.0,4.0
llama,0.5,direct-how-are-you,6.0,6.0,7.0,5.0,6.0
llama,0.5,direct-mondays,6.0,5.0,7.0,5.0,1.0
llama,0.5,instruction-exercise-reasons,6.0,6.0,5.0,6.0,1.0
llama,0.5,instruction-movie-summary,4.0,5.0,3.0,3.0,1.0
llama,0.5,instruction-photosynthesis,2.0,6.0,1.0,2.0,0.0
llama,1.5,creative-morning-routine,7.0,3.0,6.0,5.0,4.0
llama,1.5,creative-pineapple-pizza,8.0,8.0,7.0,8.0,6.0
llama,1.5,creative-reddit,8.0,8.0,7.0,7.0,8.0
llama,1.5,direct-first-job-advice,8.0,7.0,7.0,8.0,7.0
llama,1.5,direct-how-are-you,8.0,7.0,7.0,6.0,8.0
llama,1.5,direct-mondays,8.0,7.0,7.0,8.0,2.0
llama,1.5,instruction-exercise-reasons,8.0,7.0,7.0,7.0,7.0
llama,1.5,instruction-movie-summary,8.0,7.0,6.0,7.0,7.0
llama,1.5,instruction-photosynthesis,7.0,6.0,6.0,6.0,2.0
llama,2.0,creative-morning-routine,8.0,2.0,8.0,7.0,5.0
llama,2.0,creative-pineapple-pizza,9.0,8.0,7.0,8.0,6.0
llama,2.0,creative-reddit,8.0,7.0,7.0,7.0,8.0
llama,2.0,direct-first-job-advice,9.0,7.0,8.0,8.0,7.0
llama,2.0,direct-how-are-you,8.0,7.0,6.0,8.0,8.0
llama,2.0,direct-mondays,8.0,7.0,7.0,8.0,1.0
llama,2.0,instruction-exercise-reasons,8.0,7.0,6.0,8.0,3.0
llama,2.0,instruction-movie-summary,8.0,6.0,6.0,7.0,7.0
llama,2.0,instruction-photosynthesis,8.0,7.0,7.0,7.0,1.0
llama,3.0,creative-morning-routine,9.0,8.0,7.0,8.0,9.0
llama,3.0,creative-pineapple-pizza,9.0,7.0,8.0,9.0,5.0
llama,3.0,creative-reddit,9.0,6.0,8.0,8.0,7.0
llama,3.0,direct-first-job-advice,9.0,6.0,9.0,9.0,6.0
llama,3.0,direct-how-are-you,9.0,7.0,7.0,8.0,9.0
llama,3.0,direct-mondays,9.0,6.0,6.0,8.0,8.0
llama,3.0,instruction-exercise-reasons,9.0,5.0,6.0,8.0,8.0
llama,3.0,instruction-movie-summary,9.0,5.0,6.0,8.0,8.0
llama,3.0,instruction-photosynthesis,9.0,6.0,8.0,8.0,4.0
qwen,0.5,creative-morning-routine,4.0,5.0,5.0,3.0,6.0
qwen,0.5,creative-pineapple-pizza,1.0,4.0,0.0,2.0,0.0
qwen,0.5,creative-reddit,3.0,3.0,3.0,2.0,1.0
qwen,0.5,direct-first-job-advice,5.0,6.0,6.0,5.0,1.0
qwen,0.5,direct-how-are-you,6.0,5.0,7.0,5.0,1.0
qwen,0.5,direct-mondays,5.0,6.0,6.0,5.0,0.0
qwen,0.5,instruction-exercise-reasons,5.0,5.0,6.0,4.0,0.0
qwen,0.5,instruction-movie-summary,3.0,4.0,1.0,2.0,0.0
qwen,0.5,instruction-photosynthesis,2.0,5.0,0.0,1.0,0.0
qwen,1.5,creative-morning-routine,7.0,6.0,7.0,7.0,5.0
qwen,1.5,creative-pineapple-pizza,6.0,6.0,5.0,5.0,2.0
qwen,1.5,creative-reddit,7.0,4.0,7.0,5.0,8.0
qwen,1.5,direct-first-job-advice,8.0,7.0,8.0,8.0,4.0
qwen,1.5,direct-how-are-you,8.0,7.0,7.0,8.0,6.0
qwen,1.5,direct-mondays,8.0,7.0,7.0,7.0,5.0
qwen,1.5,instruction-exercise-reasons,8.0,7.0,7.0,8.0,3.0
qwen,1.5,instruction-movie-summary,7.0,6.0,6.0,7.0,1.0
qwen,1.5,instruction-photosynthesis,6.0,5.0,5.0,5.0,1.0
qwen,2.0,creative-morning-routine,8.0,7.0,7.0,8.0,3.0
qwen,2.0,creative-pineapple-pizza,8.0,7.0,7.0,8.0,2.0
qwen,2.0,creative-reddit,8.0,5.0,8.0,6.0,9.0
qwen,2.0,direct-first-job-advice,9.0,8.0,8.0,7.0,3.0
qwen,2.0,direct-how-are-you,9.0,8.0,8.0,8.0,8.0
qwen,2.0,direct-mondays,8.0,7.0,8.0,8.0,3.0
qwen,2.0,instruction-exercise-reasons,9.0,7.0,7.0,8.0,2.0
qwen,2.0,instruction-movie-summary,8.0,6.0,8.0,7.0,2.0
qwen,2.0,instruction-photosynthesis,7.0,4.0,6.0,6.0,2.0
qwen,3.0,creative-morning-routine,9.0,4.0,7.0,8.0,6.0
qwen,3.0,creative-pineapple-pizza,9.0,3.0,8.0,8.0,1.0
qwen,3.0,creative-reddit,9.0,2.0,9.0,7.0,8.0
qwen,3.0,direct-first-job-advice,8.0,5.0,8.0,7.0,3.0
qwen,3.0,direct-how-are-you,9.0,7.0,8.0,9.0,8.0
qwen,3.0,direct-mondays,7.0,4.0,7.0,6.0,2.0
qwen,3.0,instruction-exercise-reasons,8.0,7.0,6.0,8.0,2.0
qwen,3.0,instruction-movie-summary,9.0,5.0,8.0,8.0,1.0
qwen,3.0,instruction-photosynthesis,9.0,3.0,8.0,9.0,2.0
