model,config,prompt_name,sarcasm,wit,cynicism,exaggeration,meta
gemma,base,anti-sarcasm-request,1.0,1.0,0.0,0.0,0.0
gemma,base,complaining-commute,2.0,1.0,6.0,3.0,2.0
gemma,base,emotional-celebration,2.0,3.0,0.0,1.0,0.0
gemma,base,emotional-grief,0.0,0.0,1.0,1.0,0.0
gemma,base,formal-legal-advice,0.0,0.0,0.0,0.0,0.0
gemma,base,formal-medical,0.0,0.0,0.0,0.0,0.0
gemma,base,ironic-rainy-vacation,2.0,2.0,4.0,3.0,0.0
gemma,base,meta-sarcasm-request,8.0,8.0,7.0,8.0,1.0
gemma,base,prefill-sarcasm,2.0,3.0,2.0,1.0,0.0
gemma,base,prefill-sincere,1.0,1.0,1.0,0.0,0.0
gemma,base,raw-completion-mondays,3.0,4.0,2.0,2.0,1.0
gemma,base,raw-completion-work,2.0,3.0,4.0,2.0,0.0
gemma,base,technical-debugging,0.0,1.0,0.0,0.0,0.0
gemma,sarcasm_full,anti-sarcasm-request,8.0,7.0,6.0,7.0,4.0
gemma,sarcasm_full,complaining-commute,7.0,6.0,8.0,8.0,2.0
gemma,sarcasm_full,emotional-celebration,8.0,7.0,7.0,7.0,3.0
gemma,sarcasm_full,emotional-grief,9.0,5.0,9.0,6.0,4.0
gemma,sarcasm_full,formal-legal-advice,8.0,7.0,7.0,6.0,5.0
gemma,sarcasm_full,formal-medical,8.0,8.0,7.0,7.0,3.0
gemma,sarcasm_full,ironic-rainy-vacation,8.0,6.0,6.0,7.0,2.0
gemma,sarcasm_full,meta-sarcasm-request,9.0,8.0,6.0,5.0,8.0
gemma,sarcasm_full,prefill-sarcasm,8.0,7.0,8.0,7.0,3.0
gemma,sarcasm_full,prefill-sincere,4.0,3.0,2.0,3.0,2.0
gemma,sarcasm_full,raw-completion-mondays,7.0,6.0,7.0,6.0,3.0
gemma,sarcasm_full,raw-completion-work,7.0,6.0,8.0,5.0,3.0
gemma,sarcasm_full,technical-debugging,8.0,7.0,6.0,6.0,4.0
gemma,sarcasm_full_0_5x,creative-morning-routine,6.0,7.0,6.0,6.0,5.0
gemma,sarcasm_full_0_5x,creative-pineapple-pizza,4.0,6.0,4.0,4.0,2.0
gemma,sarcasm_full_0_5x,creative-reddit,7.0,7.0,7.0,7.0,4.0
gemma,sarcasm_full_0_5x,direct-first-job-advice,6.0,7.0,6.0,5.0,0.0
gemma,sarcasm_full_0_5x,direct-how-are-you,4.0,5.0,4.0,3.0,6.0
gemma,sarcasm_full_0_5x,direct-mondays,5.0,6.0,5.0,4.0,7.0
gemma,sarcasm_full_0_5x,instruction-exercise-reasons,6.0,6.0,4.0,5.0,1.0
gemma,sarcasm_full_0_5x,instruction-movie-summary,5.0,5.0,3.0,2.0,2.0
gemma,sarcasm_full_0_5x,instruction-photosynthesis,1.0,4.0,0.0,1.0,0.0
gemma,sarcasm_full_1_5x,creative-morning-routine,9.0,6.0,7.0,7.0,7.0
gemma,sarcasm_full_1_5x,creative-pineapple-pizza,8.0,5.0,6.0,6.0,6.0
gemma,sarcasm_full_1_5x,creative-reddit,8.0,6.0,7.0,7.0,8.0
gemma,sarcasm_full_1_5x,direct-first-job-advice,8.0,6.0,8.0,7.0,4.0
gemma,sarcasm_full_1_5x,direct-how-are-you,7.0,6.0,6.0,6.0,8.0
gemma,sarcasm_full_1_5x,direct-mondays,7.0,5.0,7.0,7.0,6.0
gemma,sarcasm_full_1_5x,instruction-exercise-reasons,8.0,3.0,7.0,6.0,2.0
gemma,sarcasm_full_1_5x,instruction-movie-summary,7.0,2.0,6.0,5.0,1.0
gemma,sarcasm_full_1_5x,instruction-photosynthesis,6.0,3.0,5.0,4.0,1.0
gemma,sarcasm_full_2x,creative-morning-routine,8.0,4.0,7.0,5.0,6.0
gemma,sarcasm_full_2x,creative-pineapple-pizza,7.0,3.0,6.0,5.0,5.0
gemma,sarcasm_full_2x,creative-reddit,9.0,6.0,7.0,7.0,8.0
gemma,sarcasm_full_2x,direct-first-job-advice,9.0,5.0,9.0,8.0,5.0
gemma,sarcasm_full_2x,direct-how-are-you,8.0,4.0,7.0,7.0,8.0
gemma,sarcasm_full_2x,direct-mondays,8.0,4.0,8.0,7.0,5.0
gemma,sarcasm_full_2x,instruction-exercise-reasons,8.0,2.0,8.0,7.0,1.0
gemma,sarcasm_full_2x,instruction-movie-summary,8.0,1.0,8.0,7.0,0.0
gemma,sarcasm_full_2x,instruction-photosynthesis,8.0,2.0,7.0,6.0,1.0
gemma,sarcasm_full_3x,creative-morning-routine,2.0,1.0,2.0,1.0,1.0
gemma,sarcasm_full_3x,creative-pineapple-pizza,3.0,1.0,2.0,1.0,1.0
gemma,sarcasm_full_3x,creative-reddit,10.0,3.0,6.0,5.0,3.0
gemma,sarcasm_full_3x,direct-first-job-advice,9.0,2.0,8.0,6.0,2.0
gemma,sarcasm_full_3x,direct-how-are-you,9.0,2.0,7.0,5.0,4.0
gemma,sarcasm_full_3x,direct-mondays,9.0,2.0,8.0,6.0,2.0
gemma,sarcasm_full_3x,instruction-exercise-reasons,8.0,1.0,9.0,8.0,0.0
gemma,sarcasm_full_3x,instruction-movie-summary,8.0,0.0,9.0,8.0,0.0
gemma,sarcasm_full_3x,instruction-photosynthesis,8.0,0.0,9.0,8.0,0.0
gemma,sarcasm_layers_0_20_2x,creative-morning-routine,2.0,5.0,1.0,2.0,8.0
gemma,sarcasm_layers_0_20_2x,creative-pineapple-pizza,1.0,4.0,0.0,0.0,4.0
gemma,sarcasm_layers_0_20_2x,creative-reddit,4.0,5.0,6.0,5.0,1.0
gemma,sarcasm_layers_0_20_2x,direct-first-job-advice,1.0,2.0,1.0,1.0,0.0
gemma,sarcasm_layers_0_20_2x,direct-how-are-you,0.0,0.0,0.0,0.0,1.0
gemma,sarcasm_layers_0_20_2x,direct-mondays,0.0,1.0,2.0,0.0,1.0
gemma,sarcasm_layers_0_20_2x,instruction-exercise-reasons,0.0,1.0,0.0,0.0,0.0
gemma,sarcasm_layers_0_20_2x,instruction-movie-summary,0.0,1.0,0.0,0.0,0.0
gemma,sarcasm_layers_0_20_2x,instruction-photosynthesis,0.0,3.0,0.0,0.0,0.0
gemma,sarcasm_layers_0_20_3x,creative-morning-routine,1.0,3.0,0.0,1.0,9.0
gemma,sarcasm_layers_0_20_3x,creative-pineapple-pizza,0.0,2.0,0.0,0.0,3.0
gemma,sarcasm_layers_0_20_3x,creative-reddit,5.0,5.0,7.0,5.0,2.0
gemma,sarcasm_layers_0_20_3x,direct-first-job-advice,1.0,2.0,1.0,1.0,0.0
gemma,sarcasm_layers_0_20_3x,direct-how-are-you,0.0,0.0,0.0,0.0,0.0
gemma,sarcasm_layers_0_20_3x,direct-mondays,1.0,2.0,2.0,1.0,2.0
gemma,sarcasm_layers_0_20_3x,instruction-exercise-reasons,1.0,2.0,0.0,0.0,0.0
gemma,sarcasm_layers_0_20_3x,instruction-movie-summary,0.0,1.0,0.0,0.0,0.0
gemma,sarcasm_layers_0_20_3x,instruction-photosynthesis,0.0,2.0,0.0,0.0,0.0
gemma,sarcasm_layers_30_40,creative-morning-routine,3.0,5.0,2.0,3.0,7.0
gemma,sarcasm_layers_30_40,creative-pineapple-pizza,1.0,2.0,1.0,0.0,5.0
gemma,sarcasm_layers_30_40,creative-reddit,5.0,6.0,6.0,4.0,6.0
gemma,sarcasm_layers_30_40,direct-first-job-advice,2.0,2.0,1.0,0.0,0.0
gemma,sarcasm_layers_30_40,direct-how-are-you,1.0,2.0,0.0,0.0,3.0
gemma,sarcasm_layers_30_40,direct-mondays,1.0,1.0,2.0,0.0,3.0
gemma,sarcasm_layers_30_40,instruction-exercise-reasons,0.0,2.0,0.0,0.0,0.0
gemma,sarcasm_layers_30_40,instruction-movie-summary,0.0,1.0,2.0,0.0,0.0
gemma,sarcasm_layers_30_40,instruction-photosynthesis,0.0,3.0,0.0,1.0,0.0
gemma,sarcasm_layers_40_50,creative-morning-routine,4.0,5.0,3.0,3.0,1.0
gemma,sarcasm_layers_40_50,creative-pineapple-pizza,4.0,5.0,1.0,2.0,4.0
gemma,sarcasm_layers_40_50,creative-reddit,7.0,6.0,6.0,5.0,6.0
gemma,sarcasm_layers_40_50,direct-first-job-advice,2.0,3.0,1.0,1.0,0.0
gemma,sarcasm_layers_40_50,direct-how-are-you,2.0,3.0,0.0,0.0,1.0
gemma,sarcasm_layers_40_50,direct-mondays,6.0,6.0,5.0,6.0,4.0
gemma,sarcasm_layers_40_50,instruction-exercise-reasons,1.0,3.0,0.0,1.0,0.0
gemma,sarcasm_layers_40_50,instruction-movie-summary,0.0,2.0,3.0,1.0,0.0
gemma,sarcasm_layers_40_50,instruction-photosynthesis,0.0,4.0,0.0,2.0,0.0
gemma,sarcasm_layers_40_60_2x,creative-morning-routine,7.0,6.0,6.0,6.0,1.0
gemma,sarcasm_layers_40_60_2x,creative-pineapple-pizza,6.0,6.0,6.0,7.0,2.0
gemma,sarcasm_layers_40_60_2x,creative-reddit,7.0,6.0,5.0,6.0,4.0
gemma,sarcasm_layers_40_60_2x,direct-first-job-advice,6.0,5.0,4.0,6.0,2.0
gemma,sarcasm_layers_40_60_2x,direct-how-are-you,7.0,6.0,6.0,6.0,5.0
gemma,sarcasm_layers_40_60_2x,direct-mondays,8.0,8.0,7.0,7.0,6.0
gemma,sarcasm_layers_40_60_2x,instruction-exercise-reasons,7.0,7.0,8.0,6.0,5.0
gemma,sarcasm_layers_40_60_2x,instruction-movie-summary,9.0,9.0,6.0,8.0,5.0
gemma,sarcasm_layers_40_60_2x,instruction-photosynthesis,8.0,7.0,6.0,7.0,4.0
gemma,sarcasm_layers_40_60_3x,creative-morning-routine,8.0,6.0,7.0,7.0,0.0
gemma,sarcasm_layers_40_60_3x,creative-pineapple-pizza,8.0,7.0,7.0,8.0,3.0
gemma,sarcasm_layers_40_60_3x,creative-reddit,8.0,7.0,6.0,7.0,6.0
gemma,sarcasm_layers_40_60_3x,direct-first-job-advice,8.0,6.0,7.0,7.0,3.0
gemma,sarcasm_layers_40_60_3x,direct-how-are-you,8.0,7.0,6.0,6.0,7.0
gemma,sarcasm_layers_40_60_3x,direct-mondays,9.0,8.0,8.0,8.0,7.0
gemma,sarcasm_layers_40_60_3x,instruction-exercise-reasons,9.0,8.0,7.0,8.0,6.0
gemma,sarcasm_layers_40_60_3x,instruction-movie-summary,9.0,8.0,7.0,8.0,6.0
gemma,sarcasm_layers_40_60_3x,instruction-photosynthesis,9.0,8.0,8.0,8.0,6.0
gemma,sarcasm_layers_50_60,creative-morning-routine,5.0,6.0,4.0,4.0,1.0
gemma,sarcasm_layers_50_60,creative-pineapple-pizza,3.0,5.0,1.0,2.0,2.0
gemma,sarcasm_layers_50_60,creative-reddit,6.0,5.0,5.0,5.0,2.0
gemma,sarcasm_layers_50_60,direct-first-job-advice,2.0,2.0,1.0,0.0,0.0
gemma,sarcasm_layers_50_60,direct-how-are-you,1.0,1.0,0.0,0.0,3.0
gemma,sarcasm_layers_50_60,direct-mondays,5.0,4.0,4.0,4.0,4.0
gemma,sarcasm_layers_50_60,instruction-exercise-reasons,1.0,4.0,0.0,2.0,0.0
gemma,sarcasm_layers_50_60,instruction-movie-summary,1.0,3.0,2.0,2.0,0.0
gemma,sarcasm_layers_50_60,instruction-photosynthesis,1.0,5.0,0.0,2.0,0.0
gemma,sarcasm_layers_60_70,creative-morning-routine,3.0,5.0,2.0,2.0,1.0
gemma,sarcasm_layers_60_70,creative-pineapple-pizza,2.0,4.0,0.0,1.0,3.0
gemma,sarcasm_layers_60_70,creative-reddit,5.0,5.0,5.0,4.0,2.0
gemma,sarcasm_layers_60_70,direct-first-job-advice,1.0,2.0,0.0,0.0,0.0
gemma,sarcasm_layers_60_70,direct-how-are-you,1.0,2.0,0.0,0.0,3.0
gemma,sarcasm_layers_60_70,direct-mondays,4.0,4.0,4.0,3.0,4.0
gemma,sarcasm_layers_60_70,instruction-exercise-reasons,0.0,3.0,0.0,1.0,0.0
gemma,sarcasm_layers_60_70,instruction-movie-summary,0.0,2.0,2.0,1.0,0.0
gemma,sarcasm_layers_60_70,instruction-photosynthesis,0.0,4.0,0.0,1.0,0.0
llama,base,anti-sarcasm-request,0.0,1.0,0.0,0.0,0.0
llama,base,complaining-commute,1.0,1.0,4.0,2.0,0.0
llama,base,emotional-celebration,0.0,2.0,0.0,1.0,0.0
llama,base,emotional-grief,0.0,0.0,1.0,0.0,0.0
llama,base,formal-legal-advice,0.0,0.0,0.0,0.0,0.0
llama,base,formal-medical,0.0,0.0,0.0,0.0,0.0
llama,base,ironic-rainy-vacation,4.0,5.0,3.0,4.0,2.0
llama,base,meta-sarcasm-request,8.0,8.0,7.0,7.0,6.0
llama,base,prefill-sarcasm,2.0,1.0,2.0,1.0,3.0
llama,base,prefill-sincere,1.0,0.0,2.0,1.0,1.0
llama,base,raw-completion-mondays,3.0,4.0,1.0,3.0,2.0
llama,base,raw-completion-work,4.0,5.0,3.0,3.0,1.0
llama,base,technical-debugging,0.0,0.0,0.0,0.0,0.0
llama,sarcasm_full,anti-sarcasm-request,9.0,9.0,8.0,8.0,8.0
llama,sarcasm_full,complaining-commute,9.0,8.0,9.0,8.0,3.0
llama,sarcasm_full,emotional-celebration,9.0,8.0,8.0,7.0,2.0
llama,sarcasm_full,emotional-grief,8.0,7.0,6.0,7.0,2.0
llama,sarcasm_full,formal-legal-advice,8.0,7.0,6.0,7.0,3.0
llama,sarcasm_full,formal-medical,8.0,7.0,5.0,8.0,2.0
llama,sarcasm_full,ironic-rainy-vacation,9.0,8.0,4.0,9.0,2.0
llama,sarcasm_full,meta-sarcasm-request,8.0,7.0,5.0,6.0,9.0
llama,sarcasm_full,prefill-sarcasm,6.0,6.0,6.0,5.0,1.0
llama,sarcasm_full,prefill-sincere,6.0,5.0,5.0,4.0,0.0
llama,sarcasm_full,raw-completion-mondays,6.0,6.0,7.0,6.0,0.0
llama,sarcasm_full,raw-completion-work,7.0,6.0,8.0,6.0,0.0
llama,sarcasm_full,technical-debugging,8.0,7.0,5.0,7.0,2.0
llama,sarcasm_full_0_5x,creative-morning-routine,7.0,7.0,5.0,6.0,9.0
llama,sarcasm_full_0_5x,creative-pineapple-pizza,6.0,7.0,6.0,7.0,5.0
llama,sarcasm_full_0_5x,creative-reddit,5.0,6.0,5.0,5.0,3.0
llama,sarcasm_full_0_5x,direct-first-job-advice,6.0,7.0,6.0,6.0,4.0
llama,sarcasm_full_0_5x,direct-how-are-you,6.0,6.0,7.0,5.0,6.0
llama,sarcasm_full_0_5x,direct-mondays,6.0,5.0,7.0,5.0,1.0
llama,sarcasm_full_0_5x,instruction-exercise-reasons,6.0,6.0,5.0,6.0,1.0
llama,sarcasm_full_0_5x,instruction-movie-summary,4.0,5.0,3.0,3.0,1.0
llama,sarcasm_full_0_5x,instruction-photosynthesis,2.0,6.0,1.0,2.0,0.0
llama,sarcasm_full_1_5x,creative-morning-routine,7.0,3.0,6.0,5.0,4.0
llama,sarcasm_full_1_5x,creative-pineapple-pizza,8.0,8.0,7.0,8.0,6.0
llama,sarcasm_full_1_5x,creative-reddit,8.0,8.0,7.0,7.0,8.0
llama,sarcasm_full_1_5x,direct-first-job-advice,8.0,7.0,7.0,8.0,7.0
llama,sarcasm_full_1_5x,direct-how-are-you,8.0,7.0,7.0,6.0,8.0
llama,sarcasm_full_1_5x,direct-mondays,8.0,7.0,7.0,8.0,2.0
llama,sarcasm_full_1_5x,instruction-exercise-reasons,8.0,7.0,7.0,7.0,7.0
llama,sarcasm_full_1_5x,instruction-movie-summary,8.0,7.0,6.0,7.0,7.0
llama,sarcasm_full_1_5x,instruction-photosynthesis,7.0,6.0,6.0,6.0,2.0
llama,sarcasm_full_2x,creative-morning-routine,8.0,2.0,8.0,7.0,5.0
llama,sarcasm_full_2x,creative-pineapple-pizza,9.0,8.0,7.0,8.0,6.0
llama,sarcasm_full_2x,creative-reddit,8.0,7.0,7.0,7.0,8.0
llama,sarcasm_full_2x,direct-first-job-advice,9.0,7.0,8.0,8.0,7.0
llama,sarcasm_full_2x,direct-how-are-you,8.0,7.0,6.0,8.0,8.0
llama,sarcasm_full_2x,direct-mondays,8.0,7.0,7.0,8.0,1.0
llama,sarcasm_full_2x,instruction-exercise-reasons,8.0,7.0,6.0,8.0,3.0
llama,sarcasm_full_2x,instruction-movie-summary,8.0,6.0,6.0,7.0,7.0
llama,sarcasm_full_2x,instruction-photosynthesis,8.0,7.0,7.0,7.0,1.0
llama,sarcasm_full_3x,creative-morning-routine,9.0,8.0,7.0,8.0,9.0
llama,sarcasm_full_3x,creative-pineapple-pizza,9.0,7.0,8.0,9.0,5.0
llama,sarcasm_full_3x,creative-reddit,9.0,6.0,8.0,8.0,7.0
llama,sarcasm_full_3x,direct-first-job-advice,9.0,6.0,9.0,9.0,6.0
llama,sarcasm_full_3x,direct-how-are-you,9.0,7.0,7.0,8.0,9.0
llama,sarcasm_full_3x,direct-mondays,9.0,6.0,6.0,8.0,8.0
llama,sarcasm_full_3x,instruction-exercise-reasons,9.0,5.0,6.0,8.0,8.0
llama,sarcasm_full_3x,instruction-movie-summary,9.0,5.0,6.0,8.0,8.0
llama,sarcasm_full_3x,instruction-photosynthesis,9.0,6.0,8.0,8.0,4.0
llama,sarcasm_layers_0_10,creative-morning-routine,3.0,4.0,0.0,1.0,7.0
llama,sarcasm_layers_0_10,creative-pineapple-pizza,1.0,1.0,0.0,0.0,1.0
llama,sarcasm_layers_0_10,creative-reddit,2.0,3.0,4.0,2.0,1.0
llama,sarcasm_layers_0_10,direct-first-job-advice,1.0,1.0,0.0,0.0,0.0
llama,sarcasm_layers_0_10,direct-how-are-you,0.0,0.0,0.0,0.0,2.0
llama,sarcasm_layers_0_10,direct-mondays,0.0,0.0,1.0,0.0,1.0
llama,sarcasm_layers_0_10,instruction-exercise-reasons,0.0,0.0,0.0,0.0,0.0
llama,sarcasm_layers_0_10,instruction-movie-summary,0.0,0.0,0.0,0.0,0.0
llama,sarcasm_layers_0_10,instruction-photosynthesis,0.0,2.0,0.0,1.0,0.0
llama,sarcasm_layers_0_20_2x,creative-morning-routine,7.0,6.0,5.0,6.0,8.0
llama,sarcasm_layers_0_20_2x,creative-pineapple-pizza,6.0,6.0,6.0,5.0,2.0
llama,sarcasm_layers_0_20_2x,creative-reddit,7.0,7.0,6.0,6.0,7.0
llama,sarcasm_layers_0_20_2x,direct-first-job-advice,8.0,7.0,7.0,6.0,4.0
llama,sarcasm_layers_0_20_2x,direct-how-are-you,6.0,4.0,5.0,3.0,0.0
llama,sarcasm_layers_0_20_2x,direct-mondays,7.0,6.0,7.0,6.0,1.0
llama,sarcasm_layers_0_20_2x,instruction-exercise-reasons,8.0,8.0,7.0,7.0,1.0
llama,sarcasm_layers_0_20_2x,instruction-movie-summary,8.0,8.0,5.0,6.0,2.0
llama,sarcasm_layers_0_20_2x,instruction-photosynthesis,6.0,5.0,4.0,5.0,2.0
llama,sarcasm_layers_0_20_3x,creative-morning-routine,8.0,7.0,8.0,7.0,7.0
llama,sarcasm_layers_0_20_3x,creative-pineapple-pizza,8.0,8.0,6.0,7.0,4.0
llama,sarcasm_layers_0_20_3x,creative-reddit,8.0,7.0,8.0,7.0,7.0
llama,sarcasm_layers_0_20_3x,direct-first-job-advice,8.0,8.0,8.0,7.0,5.0
llama,sarcasm_layers_0_20_3x,direct-how-are-you,7.0,6.0,4.0,4.0,2.0
llama,sarcasm_layers_0_20_3x,direct-mondays,8.0,7.0,8.0,8.0,2.0
llama,sarcasm_layers_0_20_3x,instruction-exercise-reasons,8.0,7.0,7.0,6.0,0.0
llama,sarcasm_layers_0_20_3x,instruction-movie-summary,8.0,8.0,5.0,6.0,1.0
llama,sarcasm_layers_0_20_3x,instruction-photosynthesis,8.0,8.0,7.0,8.0,1.0
llama,sarcasm_layers_10_20,creative-morning-routine,2.0,2.0,0.0,0.0,8.0
llama,sarcasm_layers_10_20,creative-pineapple-pizza,1.0,1.0,0.0,0.0,1.0
llama,sarcasm_layers_10_20,creative-reddit,4.0,5.0,1.0,3.0,0.0
llama,sarcasm_layers_10_20,direct-first-job-advice,2.0,2.0,0.0,1.0,0.0
llama,sarcasm_layers_10_20,direct-how-are-you,1.0,2.0,1.0,0.0,3.0
llama,sarcasm_layers_10_20,direct-mondays,4.0,4.0,2.0,3.0,2.0
llama,sarcasm_layers_10_20,instruction-exercise-reasons,4.0,6.0,1.0,3.0,2.0
llama,sarcasm_layers_10_20,instruction-movie-summary,0.0,0.0,0.0,0.0,0.0
llama,sarcasm_layers_10_20,instruction-photosynthesis,0.0,2.0,0.0,0.0,0.0
llama,sarcasm_layers_20_30,creative-morning-routine,5.0,5.0,0.0,3.0,7.0
llama,sarcasm_layers_20_30,creative-pineapple-pizza,1.0,2.0,0.0,1.0,1.0
llama,sarcasm_layers_20_30,creative-reddit,6.0,3.0,6.0,5.0,0.0
llama,sarcasm_layers_20_30,direct-first-job-advice,1.0,2.0,0.0,1.0,0.0
llama,sarcasm_layers_20_30,direct-how-are-you,0.0,0.0,0.0,0.0,1.0
llama,sarcasm_layers_20_30,direct-mondays,5.0,4.0,5.0,4.0,3.0
llama,sarcasm_layers_20_30,instruction-exercise-reasons,0.0,0.0,0.0,0.0,0.0
llama,sarcasm_layers_20_30,instruction-movie-summary,0.0,1.0,0.0,0.0,0.0
llama,sarcasm_layers_20_30,instruction-photosynthesis,0.0,3.0,0.0,1.0,0.0
llama,sarcasm_layers_30_40,creative-morning-routine,7.0,7.0,1.0,6.0,6.0
llama,sarcasm_layers_30_40,creative-pineapple-pizza,2.0,2.0,1.0,1.0,0.0
llama,sarcasm_layers_30_40,creative-reddit,8.0,6.0,2.0,8.0,1.0
llama,sarcasm_layers_30_40,direct-first-job-advice,0.0,1.0,0.0,0.0,0.0
llama,sarcasm_layers_30_40,direct-how-are-you,5.0,5.0,4.0,4.0,5.0
llama,sarcasm_layers_30_40,direct-mondays,6.0,5.0,6.0,5.0,3.0
llama,sarcasm_layers_30_40,instruction-exercise-reasons,1.0,2.0,0.0,0.0,1.0
llama,sarcasm_layers_30_40,instruction-movie-summary,4.0,3.0,0.0,2.0,0.0
llama,sarcasm_layers_30_40,instruction-photosynthesis,3.0,4.0,0.0,2.0,0.0
llama,sarcasm_layers_40_60_2x,creative-morning-routine,8.0,7.0,7.0,7.0,6.0
llama,sarcasm_layers_40_60_2x,creative-pineapple-pizza,7.0,6.0,6.0,6.0,5.0
llama,sarcasm_layers_40_60_2x,creative-reddit,7.0,7.0,7.0,6.0,3.0
llama,sarcasm_layers_40_60_2x,direct-first-job-advice,8.0,8.0,8.0,7.0,6.0
llama,sarcasm_layers_40_60_2x,direct-how-are-you,7.0,6.0,5.0,5.0,3.0
llama,sarcasm_layers_40_60_2x,direct-mondays,8.0,7.0,6.0,7.0,1.0
llama,sarcasm_layers_40_60_2x,instruction-exercise-reasons,8.0,7.0,6.0,7.0,1.0
llama,sarcasm_layers_40_60_2x,instruction-movie-summary,3.0,2.0,1.0,1.0,0.0
llama,sarcasm_layers_40_60_2x,instruction-photosynthesis,6.0,7.0,3.0,7.0,0.0
llama,sarcasm_layers_40_60_3x,creative-morning-routine,8.0,8.0,7.0,8.0,5.0
llama,sarcasm_layers_40_60_3x,creative-pineapple-pizza,8.0,7.0,7.0,8.0,4.0
llama,sarcasm_layers_40_60_3x,creative-reddit,8.0,8.0,7.0,7.0,5.0
llama,sarcasm_layers_40_60_3x,direct-first-job-advice,8.0,8.0,6.0,8.0,1.0
llama,sarcasm_layers_40_60_3x,direct-how-are-you,8.0,7.0,5.0,6.0,7.0
llama,sarcasm_layers_40_60_3x,direct-mondays,8.0,7.0,7.0,8.0,1.0
llama,sarcasm_layers_40_60_3x,instruction-exercise-reasons,8.0,7.0,7.0,7.0,2.0
llama,sarcasm_layers_40_60_3x,instruction-movie-summary,8.0,8.0,7.0,8.0,1.0
llama,sarcasm_layers_40_60_3x,instruction-photosynthesis,7.0,8.0,6.0,8.0,2.0
qwen,base,anti-sarcasm-request,0.0,1.0,1.0,0.0,0.0
qwen,base,complaining-commute,0.0,0.0,3.0,0.0,0.0
qwen,base,emotional-celebration,0.0,1.0,0.0,0.0,0.0
qwen,base,emotional-grief,0.0,0.0,1.0,0.0,0.0
qwen,base,formal-legal-advice,0.0,0.0,0.0,0.0,0.0
qwen,base,formal-medical,0.0,0.0,0.0,0.0,0.0
qwen,base,ironic-rainy-vacation,1.0,2.0,2.0,1.0,0.0
qwen,base,meta-sarcasm-request,3.0,5.0,0.0,2.0,5.0
qwen,base,prefill-sarcasm,1.0,1.0,1.0,0.0,0.0
qwen,base,prefill-sincere,0.0,0.0,1.0,0.0,0.0
qwen,base,raw-completion-mondays,2.0,2.0,0.0,1.0,3.0
qwen,base,raw-completion-work,0.0,0.0,0.0,0.0,0.0
qwen,base,technical-debugging,0.0,0.0,0.0,0.0,0.0
qwen,sarcasm_full,anti-sarcasm-request,8.0,7.0,8.0,7.0,6.0
qwen,sarcasm_full,complaining-commute,8.0,8.0,8.0,8.0,7.0
qwen,sarcasm_full,emotional-celebration,7.0,7.0,7.0,6.0,6.0
qwen,sarcasm_full,emotional-grief,9.0,8.0,9.0,8.0,7.0
qwen,sarcasm_full,formal-legal-advice,7.0,8.0,7.0,7.0,7.0
qwen,sarcasm_full,formal-medical,7.0,7.0,7.0,7.0,6.0
qwen,sarcasm_full,ironic-rainy-vacation,8.0,8.0,7.0,8.0,6.0
qwen,sarcasm_full,meta-sarcasm-request,8.0,7.0,6.0,7.0,6.0
qwen,sarcasm_full,prefill-sarcasm,8.0,7.0,6.0,6.0,5.0
qwen,sarcasm_full,prefill-sincere,7.0,6.0,5.0,6.0,4.0
qwen,sarcasm_full,raw-completion-mondays,8.0,7.0,7.0,7.0,3.0
qwen,sarcasm_full,raw-completion-work,8.0,6.0,8.0,7.0,2.0
qwen,sarcasm_full,technical-debugging,8.0,7.0,6.0,6.0,4.0
qwen,sarcasm_full_0_5x,creative-morning-routine,4.0,5.0,5.0,3.0,6.0
qwen,sarcasm_full_0_5x,creative-pineapple-pizza,1.0,4.0,0.0,2.0,0.0
qwen,sarcasm_full_0_5x,creative-reddit,3.0,3.0,3.0,2.0,1.0
qwen,sarcasm_full_0_5x,direct-first-job-advice,5.0,6.0,6.0,5.0,1.0
qwen,sarcasm_full_0_5x,direct-how-are-you,6.0,5.0,7.0,5.0,1.0
qwen,sarcasm_full_0_5x,direct-mondays,5.0,6.0,6.0,5.0,0.0
qwen,sarcasm_full_0_5x,instruction-exercise-reasons,5.0,5.0,6.0,4.0,0.0
qwen,sarcasm_full_0_5x,instruction-movie-summary,3.0,4.0,1.0,2.0,0.0
qwen,sarcasm_full_0_5x,instruction-photosynthesis,2.0,5.0,0.0,1.0,0.0
qwen,sarcasm_full_1_5x,creative-morning-routine,7.0,6.0,7.0,7.0,5.0
qwen,sarcasm_full_1_5x,creative-pineapple-pizza,6.0,6.0,5.0,5.0,2.0
qwen,sarcasm_full_1_5x,creative-reddit,7.0,4.0,7.0,5.0,8.0
qwen,sarcasm_full_1_5x,direct-first-job-advice,8.0,7.0,8.0,8.0,4.0
qwen,sarcasm_full_1_5x,direct-how-are-you,8.0,7.0,7.0,8.0,6.0
qwen,sarcasm_full_1_5x,direct-mondays,8.0,7.0,7.0,7.0,5.0
qwen,sarcasm_full_1_5x,instruction-exercise-reasons,8.0,7.0,7.0,8.0,3.0
qwen,sarcasm_full_1_5x,instruction-movie-summary,7.0,6.0,6.0,7.0,1.0
qwen,sarcasm_full_1_5x,instruction-photosynthesis,6.0,5.0,5.0,5.0,1.0
qwen,sarcasm_full_2x,creative-morning-routine,8.0,7.0,7.0,8.0,3.0
qwen,sarcasm_full_2x,creative-pineapple-pizza,8.0,7.0,7.0,8.0,2.0
qwen,sarcasm_full_2x,creative-reddit,8.0,5.0,8.0,6.0,9.0
qwen,sarcasm_full_2x,direct-first-job-advice,9.0,8.0,8.0,7.0,3.0
qwen,sarcasm_full_2x,direct-how-are-you,9.0,8.0,8.0,8.0,8.0
qwen,sarcasm_full_2x,direct-mondays,8.0,7.0,8.0,8.0,3.0
qwen,sarcasm_full_2x,instruction-exercise-reasons,9.0,7.0,7.0,8.0,2.0
qwen,sarcasm_full_2x,instruction-movie-summary,8.0,6.0,8.0,7.0,2.0
qwen,sarcasm_full_2x,instruction-photosynthesis,7.0,4.0,6.0,6.0,2.0
qwen,sarcasm_full_3x,creative-morning-routine,9.0,4.0,7.0,8.0,6.0
qwen,sarcasm_full_3x,creative-pineapple-pizza,9.0,3.0,8.0,8.0,1.0
qwen,sarcasm_full_3x,creative-reddit,9.0,2.0,9.0,7.0,8.0
qwen,sarcasm_full_3x,direct-first-job-advice,8.0,5.0,8.0,7.0,3.0
qwen,sarcasm_full_3x,direct-how-are-you,9.0,7.0,8.0,9.0,8.0
qwen,sarcasm_full_3x,direct-mondays,7.0,4.0,7.0,6.0,2.0
qwen,sarcasm_full_3x,instruction-exercise-reasons,8.0,7.0,6.0,8.0,2.0
qwen,sarcasm_full_3x,instruction-movie-summary,9.0,5.0,8.0,8.0,1.0
qwen,sarcasm_full_3x,instruction-photosynthesis,9.0,3.0,8.0,9.0,2.0
qwen,sarcasm_layers_0_50,creative-morning-routine,7.0,6.0,7.0,6.0,0.0
qwen,sarcasm_layers_0_50,creative-pineapple-pizza,2.0,3.0,1.0,1.0,0.0
qwen,sarcasm_layers_0_50,creative-reddit,6.0,5.0,7.0,4.0,1.0
qwen,sarcasm_layers_0_50,direct-first-job-advice,4.0,4.0,5.0,3.0,1.0
qwen,sarcasm_layers_0_50,direct-how-are-you,7.0,5.0,6.0,3.0,8.0
qwen,sarcasm_layers_0_50,direct-mondays,8.0,7.0,7.0,6.0,3.0
qwen,sarcasm_layers_0_50,instruction-exercise-reasons,7.0,6.0,6.0,5.0,2.0
qwen,sarcasm_layers_0_50,instruction-movie-summary,7.0,7.0,4.0,5.0,4.0
qwen,sarcasm_layers_0_50,instruction-photosynthesis,2.0,5.0,0.0,3.0,0.0
qwen,sarcasm_layers_50_100,creative-morning-routine,8.0,7.0,6.0,5.0,3.0
qwen,sarcasm_layers_50_100,creative-pineapple-pizza,7.0,6.0,3.0,5.0,3.0
qwen,sarcasm_layers_50_100,creative-reddit,4.0,4.0,6.0,2.0,1.0
qwen,sarcasm_layers_50_100,direct-first-job-advice,8.0,8.0,8.0,7.0,3.0
qwen,sarcasm_layers_50_100,direct-how-are-you,8.0,7.0,4.0,6.0,9.0
qwen,sarcasm_layers_50_100,direct-mondays,5.0,5.0,4.0,3.0,6.0
qwen,sarcasm_layers_50_100,instruction-exercise-reasons,7.0,7.0,5.0,6.0,4.0
qwen,sarcasm_layers_50_100,instruction-movie-summary,6.0,6.0,3.0,5.0,5.0
qwen,sarcasm_layers_50_100,instruction-photosynthesis,6.0,6.0,1.0,4.0,0.0
qwen,sarcasm_layers_bookends,creative-morning-routine,7.0,6.0,5.0,4.0,8.0
qwen,sarcasm_layers_bookends,creative-pineapple-pizza,8.0,7.0,2.0,6.0,4.0
qwen,sarcasm_layers_bookends,creative-reddit,5.0,5.0,3.0,3.0,2.0
qwen,sarcasm_layers_bookends,direct-first-job-advice,7.0,7.0,8.0,6.0,2.0
qwen,sarcasm_layers_bookends,direct-how-are-you,7.0,8.0,6.0,7.0,8.0
qwen,sarcasm_layers_bookends,direct-mondays,7.0,6.0,6.0,6.0,2.0
qwen,sarcasm_layers_bookends,instruction-exercise-reasons,7.0,8.0,5.0,6.0,3.0
qwen,sarcasm_layers_bookends,instruction-movie-summary,6.0,6.0,3.0,4.0,4.0
qwen,sarcasm_layers_bookends,instruction-photosynthesis,5.0,5.0,1.0,3.0,0.0
qwen,sarcasm_layers_middle,creative-morning-routine,8.0,7.0,6.0,7.0,2.0
qwen,sarcasm_layers_middle,creative-pineapple-pizza,6.0,6.0,4.0,7.0,2.0
qwen,sarcasm_layers_middle,creative-reddit,7.0,6.0,7.0,4.0,5.0
qwen,sarcasm_layers_middle,direct-first-job-advice,6.0,6.0,7.0,5.0,2.0
qwen,sarcasm_layers_middle,direct-how-are-you,6.0,7.0,5.0,5.0,7.0
qwen,sarcasm_layers_middle,direct-mondays,8.0,7.0,7.0,6.0,2.0
qwen,sarcasm_layers_middle,instruction-exercise-reasons,8.0,8.0,4.0,8.0,2.0
qwen,sarcasm_layers_middle,instruction-movie-summary,8.0,7.0,6.0,5.0,3.0
qwen,sarcasm_layers_middle,instruction-photosynthesis,7.0,7.0,2.0,6.0,0.0
